Query,Related Topics
Anthony Albanese,Prime minister
Anthony Albanese,Minister
Anthony Albanese,India
Anthony Albanese,Prime Minister of Australia
Anthony Albanese,Referendum
Jim Chalmers,Superannuation in Australia
Jim Chalmers,Anthony Albanese
Jim Chalmers,Treasurer of Australia
Jim Chalmers,Treasurer
Jim Chalmers,None
Katy Gallagher,Minister
Katy Gallagher,None
Katy Gallagher,None
Katy Gallagher,None
Katy Gallagher,None
Richard Marles,Minister
Richard Marles,None
Richard Marles,None
Richard Marles,None
Richard Marles,None
Penny Wong,China
Penny Wong,Minister
Penny Wong,Twitter
Penny Wong,None
Penny Wong,None
